Duplicate File Name,Folders Found In,,
288621433.pdf,SoFAIR_AD_Chemistry_papers,SoFAIR_AD_BioChem_papers,
326510872.pdf,SoFAIR_AD_Chemistry_papers,SoFAIR_AD_BioChem_papers,
322792778.pdf,SoFAIR_AD_Chemistry_papers,SoFAIR_AD_BioChem_papers,
345434421.pdf,SoFAIR_AD_Chemistry_papers,SoFAIR_AD_BioChem_papers,
490750688.pdf,SoFAIR_AD_Chemistry_papers,SoFAIR_AD_BioChem_papers,
561966822.pdf,SoFAIR_AD_Chemistry_papers,SoFAIR_AD_BioChem_papers,
562108034.pdf,SoFAIR_AD_Chemistry_papers,SoFAIR_AD_BioChem_papers,
491246214.pdf,SoFAIR_AD_Comp_Sci_papers,SoFAIR_AD_BMA_papers,
457670472.pdf,SoFAIR_AD_Comp_Sci_papers,SoFAIR_AD_BioChem_papers,
548788211.pdf,SoFAIR_AD_Comp_Sci_papers,SoFAIR_AD_BioChem_papers,
334803058.pdf,SoFAIR_AD_Comp_Sci_papers,SoFAIR_AD_BMA_papers,
592039787.pdf,SoFAIR_AD_Comp_Sci_papers,SoFAIR_AD_BioChem_papers,
482464847.pdf,SoFAIR_AD_Comp_Sci_papers,SoFAIR_AD_BMA_papers,
288350572.pdf,SoFAIR_AD_Comp_Sci_papers,SoFAIR_AD_BMA_papers,
275571442.pdf,SoFAIR_AD_Comp_Sci_papers,SoFAIR_AD_BMA_papers,
389671904.pdf,SoFAIR_AD_Comp_Sci_papers,SoFAIR_AD_BMA_papers,
543607585.pdf,SoFAIR_AD_Comp_Sci_papers,SoFAIR_AD_BioChem_papers,
562184426.pdf,SoFAIR_AD_Comp_Sci_papers,SoFAIR_AD_BMA_papers,
572839004.pdf,SoFAIR_AD_Comp_Sci_papers,SoFAIR_AD_BMA_papers,
565550787.pdf,SoFAIR_AD_Comp_Sci_papers,SoFAIR_AD_BioChem_papers,
211233527.pdf,SoFAIR_AD_Comp_Sci_papers,SoFAIR_AD_BMA_papers,
442655572.pdf,SoFAIR_AD_Comp_Sci_papers,SoFAIR_AD_BMA_papers,
478783398.pdf,SoFAIR_AD_Comp_Sci_papers,SoFAIR_AD_BioChem_papers,
479512301.pdf,SoFAIR_AD_Comp_Sci_papers,SoFAIR_AD_BioChem_papers,
322486143.pdf,SoFAIR_AD_Comp_Sci_papers,SoFAIR_AD_BMA_papers,
543611071.pdf,SoFAIR_AD_Comp_Sci_papers,SoFAIR_AD_BioChem_papers,
355150069.pdf,SoFAIR_AD_Comp_Sci_papers,SoFAIR_AD_BMA_papers,
430002813.pdf,SoFAIR_AD_Comp_Sci_papers,SoFAIR_AD_BMA_papers,
327077861.pdf,SoFAIR_AD_Comp_Sci_papers,SoFAIR_AD_Chemistry_papers,
551604143.pdf,SoFAIR_AD_Comp_Sci_papers,SoFAIR_AD_BMA_papers,
565550127.pdf,SoFAIR_AD_Comp_Sci_papers,SoFAIR_AD_BioChem_papers,
266992206.pdf,SoFAIR_AD_Comp_Sci_papers,SoFAIR_AD_BMA_papers,
577055131.pdf,SoFAIR_AD_Comp_Sci_papers,SoFAIR_AD_BMA_papers,
323051169.pdf,SoFAIR_AD_Earth_Planet_Sciences_papers,SoFAIR_AD_Chemistry_papers,
395405557.pdf,SoFAIR_AD_Earth_Planet_Sciences_papers,SoFAIR_AD_BioChem_papers,
275687388.pdf,SoFAIR_AD_Earth_Planet_Sciences_papers,SoFAIR_AD_Chemistry_papers,
334600136.pdf,SoFAIR_AD_Earth_Planet_Sciences_papers,SoFAIR_AD_BioChem_papers,
533447912.pdf,SoFAIR_AD_Energy_Sciences_papers,SoFAIR_AD_Chemistry_papers,
552339026.pdf,SoFAIR_AD_Energy_Sciences_papers,SoFAIR_AD_Earth_Planet_Sciences_papers,
323055871.pdf,SoFAIR_AD_Energy_Sciences_papers,SoFAIR_AD_Chemistry_papers,
478811707.pdf,SoFAIR_AD_Energy_Sciences_papers,SoFAIR_AD_Chemistry_papers,
394996423.pdf,SoFAIR_AD_Energy_Sciences_papers,SoFAIR_AD_Chemistry_papers,
479017031.pdf,SoFAIR_AD_Energy_Sciences_papers,SoFAIR_AD_Chemistry_papers,
405299728.pdf,SoFAIR_AD_Energy_Sciences_papers,SoFAIR_AD_Chemistry_papers,
305112591.pdf,SoFAIR_AD_Energy_Sciences_papers,SoFAIR_AD_Chemistry_papers,
595848298.pdf,SoFAIR_AD_Energy_Sciences_papers,SoFAIR_AD_Chemistry_papers,
479819773.pdf,SoFAIR_AD_Energy_Sciences_papers,SoFAIR_AD_Chemistry_papers,
483530586.pdf,SoFAIR_AD_Energy_Sciences_papers,SoFAIR_AD_Chemistry_papers,
388714453.pdf,SoFAIR_AD_Energy_Sciences_papers,SoFAIR_AD_Chemistry_papers,
333656309.pdf,SoFAIR_AD_Energy_Sciences_papers,SoFAIR_AD_Chemistry_papers,
500272563.pdf,SoFAIR_AD_Energy_Sciences_papers,SoFAIR_AD_BMA_papers,
480166075.pdf,SoFAIR_AD_Energy_Sciences_papers,SoFAIR_AD_Chemistry_papers,
326908628.pdf,SoFAIR_AD_Energy_Sciences_papers,SoFAIR_AD_BMA_papers,
548777446.pdf,SoFAIR_AD_Energy_Sciences_papers,SoFAIR_AD_Comp_Sci_papers,
417842187.pdf,SoFAIR_AD_Energy_Sciences_papers,SoFAIR_AD_Chemistry_papers,
534454786.pdf,SoFAIR_AD_Energy_Sciences_papers,SoFAIR_AD_Chemistry_papers,
541310279.pdf,SoFAIR_AD_Energy_Sciences_papers,SoFAIR_AD_Chemistry_papers,
328926725.pdf,SoFAIR_AD_Energy_Sciences_papers,SoFAIR_AD_Chemistry_papers,
444065173.pdf,SoFAIR_AD_Energy_Sciences_papers,SoFAIR_AD_Chemistry_papers,
288621077.pdf,SoFAIR_AD_Energy_Sciences_papers,SoFAIR_AD_Chemistry_papers,
481114489.pdf,SoFAIR_AD_Energy_Sciences_papers,SoFAIR_AD_Chemistry_papers,
543997723.pdf,SoFAIR_AD_Energy_Sciences_papers,SoFAIR_AD_Chemistry_papers,
498696461.pdf,SoFAIR_AD_Energy_Sciences_papers,SoFAIR_AD_Comp_Sci_papers,
577071889.pdf,SoFAIR_AD_Energy_Sciences_papers,SoFAIR_AD_Comp_Sci_papers,
429319642.pdf,SoFAIR_AD_Energy_Sciences_papers,SoFAIR_AD_Chemistry_papers,
523413844.pdf,SoFAIR_AD_Energy_Sciences_papers,SoFAIR_AD_Chemistry_papers,
481050527.pdf,SoFAIR_AD_Energy_Sciences_papers,SoFAIR_AD_Chemistry_papers,
275696026.pdf,SoFAIR_AD_Energy_Sciences_papers,SoFAIR_AD_Chemistry_papers,
573436023.pdf,SoFAIR_AD_Energy_Sciences_papers,SoFAIR_AD_Chemistry_papers,
326332696.pdf,SoFAIR_AD_Engineering_papers,SoFAIR_AD_BioChem_papers,
286270281.pdf,SoFAIR_AD_Engineering_papers,SoFAIR_AD_BMA_papers,
395093194.pdf,SoFAIR_AD_Engineering_papers,SoFAIR_AD_Comp_Sci_papers,
343446413.pdf,SoFAIR_AD_Engineering_papers,SoFAIR_AD_Earth_Planet_Sciences_papers,
573427732.pdf,SoFAIR_AD_Engineering_papers,SoFAIR_AD_BMA_papers,
565356476.pdf,SoFAIR_AD_Engineering_papers,SoFAIR_AD_BMA_papers,
475388136.pdf,SoFAIR_AD_Engineering_papers,SoFAIR_AD_Energy_Sciences_papers,
491225767.pdf,SoFAIR_AD_Engineering_papers,SoFAIR_AD_BioChem_papers,
429836293.pdf,SoFAIR_AD_Engineering_papers,SoFAIR_AD_BMA_papers,
427147155.pdf,SoFAIR_AD_Engineering_papers,SoFAIR_AD_BMA_papers,
356660829.pdf,SoFAIR_AD_Engineering_papers,SoFAIR_AD_Comp_Sci_papers,
373002083.pdf,SoFAIR_AD_Engineering_papers,SoFAIR_AD_BMA_papers,
287601605.pdf,SoFAIR_AD_Engineering_papers,SoFAIR_AD_Earth_Planet_Sciences_papers,
334597306.pdf,SoFAIR_AD_Engineering_papers,SoFAIR_AD_Comp_Sci_papers,
529521866.pdf,SoFAIR_AD_Engineering_papers,SoFAIR_AD_Comp_Sci_papers,
232531597.pdf,SoFAIR_AD_Engineering_papers,SoFAIR_AD_BMA_papers,
359925123.pdf,SoFAIR_AD_Engineering_papers,SoFAIR_AD_Energy_Sciences_papers,
328801873.pdf,SoFAIR_AD_Engineering_papers,SoFAIR_AD_BioChem_papers,
334412044.pdf,SoFAIR_AD_Engineering_papers,SoFAIR_AD_BMA_papers,
566849515.pdf,SoFAIR_AD_Engineering_papers,SoFAIR_AD_Comp_Sci_papers,
390050993.pdf,SoFAIR_AD_Engineering_papers,SoFAIR_AD_Comp_Sci_papers,
588384832.pdf,SoFAIR_AD_Engineering_papers,SoFAIR_AD_Energy_Sciences_papers,
475651831.pdf,SoFAIR_AD_Engineering_papers,SoFAIR_AD_BMA_papers,
334422333.pdf,SoFAIR_AD_Engineering_papers,SoFAIR_AD_BMA_papers,
572216376.pdf,SoFAIR_AD_Engineering_papers,SoFAIR_AD_BioChem_papers,
572218366.pdf,SoFAIR_AD_Engineering_papers,SoFAIR_AD_BioChem_papers,
560690057.pdf,SoFAIR_AD_Engineering_papers,SoFAIR_AD_BMA_papers,
293754931.pdf,SoFAIR_AD_Engineering_papers,SoFAIR_AD_Comp_Sci_papers,
543220469.pdf,SoFAIR_AD_Engineering_papers,SoFAIR_AD_Comp_Sci_papers,
159068742.pdf,SoFAIR_AD_Engineering_papers,SoFAIR_AD_BMA_papers,
490213371.pdf,SoFAIR_AD_Engineering_papers,SoFAIR_AD_BMA_papers,
535100951.pdf,SoFAIR_AD_Engineering_papers,SoFAIR_AD_BioChem_papers,
561978835.pdf,SoFAIR_AD_Engineering_papers,SoFAIR_AD_Comp_Sci_papers,
479373239.pdf,SoFAIR_AD_Engineering_papers,SoFAIR_AD_BMA_papers,
374201262.pdf,SoFAIR_AD_Engineering_papers,SoFAIR_AD_Comp_Sci_papers,
363147442.pdf,SoFAIR_AD_Engineering_papers,SoFAIR_AD_Energy_Sciences_papers,
334815056.pdf,SoFAIR_AD_Engineering_papers,SoFAIR_AD_Comp_Sci_papers,
479481838.pdf,SoFAIR_AD_Engineering_papers,SoFAIR_AD_Comp_Sci_papers,
479746477.pdf,SoFAIR_AD_Engineering_papers,SoFAIR_AD_Comp_Sci_papers,
587330504.pdf,SoFAIR_AD_Engineering_papers,SoFAIR_AD_Comp_Sci_papers,
547503462.pdf,SoFAIR_AD_Engineering_papers,SoFAIR_AD_Comp_Sci_papers,
511317666.pdf,SoFAIR_AD_Engineering_papers,SoFAIR_AD_Energy_Sciences_papers,
553762193.pdf,SoFAIR_AD_Engineering_papers,SoFAIR_AD_Energy_Sciences_papers,
370796185.pdf,SoFAIR_AD_Engineering_papers,SoFAIR_AD_Earth_Planet_Sciences_papers,
362233235.pdf,SoFAIR_AD_Engineering_papers,SoFAIR_AD_Comp_Sci_papers,
528168742.pdf,SoFAIR_AD_Engineering_papers,SoFAIR_AD_Energy_Sciences_papers,
293755048.pdf,SoFAIR_AD_Engineering_papers,SoFAIR_AD_Comp_Sci_papers,
288346877.pdf,SoFAIR_AD_Engineering_papers,SoFAIR_AD_Comp_Sci_papers,
326705006.pdf,SoFAIR_AD_Engineering_papers,SoFAIR_AD_BioChem_papers,
589959736.pdf,SoFAIR_AD_Engineering_papers,SoFAIR_AD_BMA_papers,
387170203.pdf,SoFAIR_AD_Engineering_papers,SoFAIR_AD_BMA_papers,
355872366.pdf,SoFAIR_AD_Engineering_papers,SoFAIR_AD_Comp_Sci_papers,
492638289.pdf,SoFAIR_AD_Engineering_papers,SoFAIR_AD_Energy_Sciences_papers,SoFAIR_AD_Chemistry_papers
541267912.pdf,SoFAIR_AD_Engineering_papers,SoFAIR_AD_BioChem_papers,
231901793.pdf,SoFAIR_AD_Engineering_papers,SoFAIR_AD_Comp_Sci_papers,
226758787.pdf,SoFAIR_AD_Engineering_papers,SoFAIR_AD_Comp_Sci_papers,
561966503.pdf,SoFAIR_AD_Engineering_papers,SoFAIR_AD_Earth_Planet_Sciences_papers,
459186767.pdf,SoFAIR_AD_Environmental_Science_papers,SoFAIR_AD_Energy_Sciences_papers,
388634902.pdf,SoFAIR_AD_Environmental_Science_papers,SoFAIR_AD_Engineering_papers,
480388952.pdf,SoFAIR_AD_Environmental_Science_papers,SoFAIR_AD_BioChem_papers,
491355917.pdf,SoFAIR_AD_Environmental_Science_papers,SoFAIR_AD_Comp_Sci_papers,
518431968.pdf,SoFAIR_AD_Environmental_Science_papers,SoFAIR_AD_BMA_papers,
325954335.pdf,SoFAIR_AD_Environmental_Science_papers,SoFAIR_AD_Chemistry_papers,
563870112.pdf,SoFAIR_AD_Environmental_Science_papers,SoFAIR_AD_Energy_Sciences_papers,
266993665.pdf,SoFAIR_AD_Environmental_Science_papers,SoFAIR_AD_Earth_Planet_Sciences_papers,
322655523.pdf,SoFAIR_AD_Environmental_Science_papers,SoFAIR_AD_Earth_Planet_Sciences_papers,
387861747.pdf,SoFAIR_AD_Environmental_Science_papers,SoFAIR_AD_Engineering_papers,SoFAIR_AD_Earth_Planet_Sciences_papers
344943218.pdf,SoFAIR_AD_Environmental_Science_papers,SoFAIR_AD_Engineering_papers,
589972418.pdf,SoFAIR_AD_Environmental_Science_papers,SoFAIR_AD_BMA_papers,
534945888.pdf,SoFAIR_AD_Environmental_Science_papers,SoFAIR_AD_Energy_Sciences_papers,
326030588.pdf,SoFAIR_AD_Environmental_Science_papers,SoFAIR_AD_Earth_Planet_Sciences_papers,
237428551.pdf,SoFAIR_AD_Environmental_Science_papers,SoFAIR_AD_Engineering_papers,
482071339.pdf,SoFAIR_AD_Environmental_Science_papers,SoFAIR_AD_Energy_Sciences_papers,
270145779.pdf,SoFAIR_AD_Environmental_Science_papers,SoFAIR_AD_Engineering_papers,
552691992.pdf,SoFAIR_AD_Environmental_Science_papers,SoFAIR_AD_BMA_papers,
341793359.pdf,SoFAIR_AD_Environmental_Science_papers,SoFAIR_AD_Energy_Sciences_papers,
347567065.pdf,SoFAIR_AD_Environmental_Science_papers,SoFAIR_AD_Earth_Planet_Sciences_papers,
287585181.pdf,SoFAIR_AD_Environmental_Science_papers,SoFAIR_AD_Engineering_papers,
287036618.pdf,SoFAIR_AD_Environmental_Science_papers,SoFAIR_AD_Energy_Sciences_papers,
294782035.pdf,SoFAIR_AD_Environmental_Science_papers,SoFAIR_AD_Earth_Planet_Sciences_papers,
344894141.pdf,SoFAIR_AD_Environmental_Science_papers,SoFAIR_AD_Earth_Planet_Sciences_papers,
589954747.pdf,SoFAIR_AD_Environmental_Science_papers,SoFAIR_AD_BMA_papers,
541087089.pdf,SoFAIR_AD_Environmental_Science_papers,SoFAIR_AD_BioChem_papers,
327082202.pdf,SoFAIR_AD_Environmental_Science_papers,SoFAIR_AD_Earth_Planet_Sciences_papers,
363141933.pdf,SoFAIR_AD_Environmental_Science_papers,SoFAIR_AD_BioChem_papers,
327067271.pdf,SoFAIR_AD_Environmental_Science_papers,SoFAIR_AD_Earth_Planet_Sciences_papers,
529515525.pdf,SoFAIR_AD_Environmental_Science_papers,SoFAIR_AD_Engineering_papers,
544168731.pdf,SoFAIR_AD_Environmental_Science_papers,SoFAIR_AD_Energy_Sciences_papers,
534680258.pdf,SoFAIR_AD_Environmental_Science_papers,SoFAIR_AD_Earth_Planet_Sciences_papers,
478783078.pdf,SoFAIR_AD_Environmental_Science_papers,SoFAIR_AD_BioChem_papers,
334594369.pdf,SoFAIR_AD_Environmental_Science_papers,SoFAIR_AD_Energy_Sciences_papers,
305077678.pdf,SoFAIR_AD_Environmental_Science_papers,SoFAIR_AD_Engineering_papers,SoFAIR_AD_Energy_Sciences_papers
387902999.pdf,SoFAIR_AD_Environmental_Science_papers,SoFAIR_AD_Earth_Planet_Sciences_papers,
534113246.pdf,SoFAIR_AD_Environmental_Science_papers,SoFAIR_AD_Earth_Planet_Sciences_papers,
395131492.pdf,SoFAIR_AD_Environmental_Science_papers,SoFAIR_AD_Earth_Planet_Sciences_papers,
478074523.pdf,SoFAIR_AD_Environmental_Science_papers,SoFAIR_AD_BMA_papers,
479377486.pdf,SoFAIR_AD_Environmental_Science_papers,SoFAIR_AD_Earth_Planet_Sciences_papers,
335076453.pdf,SoFAIR_AD_Environmental_Science_papers,SoFAIR_AD_Earth_Planet_Sciences_papers,
287585084.pdf,SoFAIR_AD_Environmental_Science_papers,SoFAIR_AD_Engineering_papers,SoFAIR_AD_Chemistry_papers
572843206.pdf,SoFAIR_AD_Environmental_Science_papers,SoFAIR_AD_Engineering_papers,
334609915.pdf,SoFAIR_AD_Environmental_Science_papers,SoFAIR_AD_BioChem_papers,
392178132.pdf,SoFAIR_AD_Environmental_Science_papers,SoFAIR_AD_Energy_Sciences_papers,
567452079.pdf,SoFAIR_AD_Environmental_Science_papers,SoFAIR_AD_BMA_papers,
427423888.pdf,SoFAIR_AD_Environmental_Science_papers,SoFAIR_AD_Earth_Planet_Sciences_papers,
480702949.pdf,SoFAIR_AD_Environmental_Science_papers,SoFAIR_AD_Chemistry_papers,SoFAIR_AD_BioChem_papers
303696641.pdf,SoFAIR_AD_Environmental_Science_papers,SoFAIR_AD_BMA_papers,
521111318.pdf,SoFAIR_AD_Environmental_Science_papers,SoFAIR_AD_Engineering_papers,
477903324.pdf,SoFAIR_AD_Environmental_Science_papers,SoFAIR_AD_Earth_Planet_Sciences_papers,
589967711.pdf,SoFAIR_AD_Environmental_Science_papers,SoFAIR_AD_Earth_Planet_Sciences_papers,
511995907.pdf,SoFAIR_AD_Environmental_Science_papers,SoFAIR_AD_Earth_Planet_Sciences_papers,
534454573.pdf,SoFAIR_AD_Environmental_Science_papers,SoFAIR_AD_Earth_Planet_Sciences_papers,
348700465.pdf,SoFAIR_AD_Environmental_Science_papers,SoFAIR_AD_Engineering_papers,SoFAIR_AD_Energy_Sciences_papers
335360857.pdf,SoFAIR_AD_Environmental_Science_papers,SoFAIR_AD_Earth_Planet_Sciences_papers,
482652333.pdf,SoFAIR_AD_Environmental_Science_papers,SoFAIR_AD_Engineering_papers,SoFAIR_AD_Earth_Planet_Sciences_papers
568041921.pdf,SoFAIR_AD_Environmental_Science_papers,SoFAIR_AD_BMA_papers,
444056571.pdf,SoFAIR_AD_Environmental_Science_papers,SoFAIR_AD_Earth_Planet_Sciences_papers,
427520565.pdf,SoFAIR_AD_Environmental_Science_papers,SoFAIR_AD_Earth_Planet_Sciences_papers,
326519957.pdf,SoFAIR_AD_Environmental_Science_papers,SoFAIR_AD_Earth_Planet_Sciences_papers,
571866248.pdf,SoFAIR_AD_Environmental_Science_papers,SoFAIR_AD_BioChem_papers,
287613111.pdf,SoFAIR_AD_Environmental_Science_papers,SoFAIR_AD_Energy_Sciences_papers,
572847885.pdf,SoFAIR_AD_Environmental_Science_papers,SoFAIR_AD_Energy_Sciences_papers,
516202173.pdf,SoFAIR_AD_Environmental_Science_papers,SoFAIR_AD_Earth_Planet_Sciences_papers,
479032429.pdf,SoFAIR_AD_Environmental_Science_papers,SoFAIR_AD_Earth_Planet_Sciences_papers,
478783345.pdf,SoFAIR_AD_Environmental_Science_papers,SoFAIR_AD_Energy_Sciences_papers,
429255948.pdf,SoFAIR_AD_Environmental_Science_papers,SoFAIR_AD_Comp_Sci_papers,
558906982.pdf,SoFAIR_AD_Environmental_Science_papers,SoFAIR_AD_Engineering_papers,SoFAIR_AD_Chemistry_papers
491390543.pdf,SoFAIR_AD_Environmental_Science_papers,SoFAIR_AD_Earth_Planet_Sciences_papers,
459156124.pdf,SoFAIR_AD_Environmental_Science_papers,SoFAIR_AD_Energy_Sciences_papers,
388993319.pdf,SoFAIR_AD_Environmental_Science_papers,SoFAIR_AD_BMA_papers,
328757652.pdf,SoFAIR_AD_Environmental_Science_papers,SoFAIR_AD_BioChem_papers,
492594832.pdf,SoFAIR_AD_Environmental_Science_papers,SoFAIR_AD_Earth_Planet_Sciences_papers,
576501013.pdf,SoFAIR_AD_Environmental_Science_papers,SoFAIR_AD_BioChem_papers,
558906954.pdf,SoFAIR_AD_Environmental_Science_papers,SoFAIR_AD_Energy_Sciences_papers,SoFAIR_AD_Comp_Sci_papers
343313808.pdf,SoFAIR_AD_Environmental_Science_papers,SoFAIR_AD_Engineering_papers,
288345849.pdf,SoFAIR_AD_Environmental_Science_papers,SoFAIR_AD_Engineering_papers,
553622151.pdf,SoFAIR_AD_Environmental_Science_papers,SoFAIR_AD_BioChem_papers,
541366252.pdf,SoFAIR_AD_Environmental_Science_papers,SoFAIR_AD_Engineering_papers,SoFAIR_AD_Energy_Sciences_papers
520521119.pdf,SoFAIR_AD_Environmental_Science_papers,SoFAIR_AD_Earth_Planet_Sciences_papers,
516412109.pdf,SoFAIR_AD_Environmental_Science_papers,SoFAIR_AD_Earth_Planet_Sciences_papers,
533447945.pdf,SoFAIR_AD_Environmental_Science_papers,SoFAIR_AD_Earth_Planet_Sciences_papers,
553776726.pdf,SoFAIR_AD_Environmental_Science_papers,SoFAIR_AD_Earth_Planet_Sciences_papers,
337612502.pdf,SoFAIR_AD_Environmental_Science_papers,SoFAIR_AD_Engineering_papers,
534017918.pdf,SoFAIR_AD_Environmental_Science_papers,SoFAIR_AD_BioChem_papers,
397489067.pdf,SoFAIR_AD_Environmental_Science_papers,SoFAIR_AD_Engineering_papers,SoFAIR_AD_Energy_Sciences_papers
287579382.pdf,SoFAIR_AD_Environmental_Science_papers,SoFAIR_AD_Earth_Planet_Sciences_papers,
305121137.pdf,SoFAIR_AD_Environmental_Science_papers,SoFAIR_AD_Earth_Planet_Sciences_papers,
532708866.pdf,SoFAIR_AD_Environmental_Science_papers,SoFAIR_AD_Earth_Planet_Sciences_papers,
334955852.pdf,SoFAIR_AD_Environmental_Science_papers,SoFAIR_AD_Comp_Sci_papers,
327250554.pdf,SoFAIR_AD_Environmental_Science_papers,SoFAIR_AD_Earth_Planet_Sciences_papers,
386170773.pdf,SoFAIR_AD_Environmental_Science_papers,SoFAIR_AD_Earth_Planet_Sciences_papers,
571619116.pdf,SoFAIR_AD_Environmental_Science_papers,SoFAIR_AD_Comp_Sci_papers,
565843991.pdf,SoFAIR_AD_Environmental_Science_papers,SoFAIR_AD_BioChem_papers,
355113397.pdf,SoFAIR_AD_Environmental_Science_papers,SoFAIR_AD_Energy_Sciences_papers,
396338668.pdf,SoFAIR_AD_Environmental_Science_papers,SoFAIR_AD_Earth_Planet_Sciences_papers,
523416368.pdf,SoFAIR_AD_Environmental_Science_papers,SoFAIR_AD_Earth_Planet_Sciences_papers,
480762137.pdf,SoFAIR_AD_Environmental_Science_papers,SoFAIR_AD_Engineering_papers,SoFAIR_AD_Earth_Planet_Sciences_papers
478588472.pdf,SoFAIR_AD_Environmental_Science_papers,SoFAIR_AD_Earth_Planet_Sciences_papers,
489542966.pdf,SoFAIR_AD_Environmental_Science_papers,SoFAIR_AD_Earth_Planet_Sciences_papers,
286374934.pdf,SoFAIR_AD_Environmental_Science_papers,SoFAIR_AD_BMA_papers,
553715898.pdf,SoFAIR_AD_Environmental_Science_papers,SoFAIR_AD_Energy_Sciences_papers,
555940934.pdf,SoFAIR_AD_Environmental_Science_papers,SoFAIR_AD_BMA_papers,
344893644.pdf,SoFAIR_AD_Environmental_Science_papers,SoFAIR_AD_Earth_Planet_Sciences_papers,
386423481.pdf,SoFAIR_AD_Environmental_Science_papers,SoFAIR_AD_Engineering_papers,
478072313.pdf,SoFAIR_AD_Environmental_Science_papers,SoFAIR_AD_Earth_Planet_Sciences_papers,
589947592.pdf,SoFAIR_AD_Environmental_Science_papers,SoFAIR_AD_BMA_papers,
481633318.pdf,SoFAIR_AD_Environmental_Science_papers,SoFAIR_AD_Engineering_papers,
351643182.pdf,SoFAIR_AD_Environmental_Science_papers,SoFAIR_AD_Earth_Planet_Sciences_papers,
480428244.pdf,SoFAIR_AD_Environmental_Science_papers,SoFAIR_AD_BMA_papers,
534385803.pdf,SoFAIR_AD_Environmental_Science_papers,SoFAIR_AD_Engineering_papers,
548720653.pdf,SoFAIR_AD_Environmental_Science_papers,SoFAIR_AD_BioChem_papers,
572834929.pdf,SoFAIR_AD_Environmental_Science_papers,SoFAIR_AD_Engineering_papers,
483510261.pdf,SoFAIR_AD_Environmental_Science_papers,SoFAIR_AD_BMA_papers,
580478742.pdf,SoFAIR_AD_Environmental_Science_papers,SoFAIR_AD_Earth_Planet_Sciences_papers,
305118404.pdf,SoFAIR_AD_Environmental_Science_papers,SoFAIR_AD_Earth_Planet_Sciences_papers,
395737952.pdf,SoFAIR_AD_Environmental_Science_papers,SoFAIR_AD_Earth_Planet_Sciences_papers,
478617289.pdf,SoFAIR_AD_Environmental_Science_papers,SoFAIR_AD_Engineering_papers,
287941394.pdf,SoFAIR_AD_Environmental_Science_papers,SoFAIR_AD_Engineering_papers,
342535482.pdf,SoFAIR_AD_Environmental_Science_papers,SoFAIR_AD_Earth_Planet_Sciences_papers,
356664701.pdf,SoFAIR_AD_Environmental_Science_papers,SoFAIR_AD_Engineering_papers,
567412423.pdf,SoFAIR_AD_Environmental_Science_papers,SoFAIR_AD_BMA_papers,
479377566.pdf,SoFAIR_AD_Environmental_Science_papers,SoFAIR_AD_Energy_Sciences_papers,
576923278.pdf,SoFAIR_AD_Environmental_Science_papers,SoFAIR_AD_Chemistry_papers,
395602192.pdf,SoFAIR_AD_Environmental_Science_papers,SoFAIR_AD_Earth_Planet_Sciences_papers,
572215821.pdf,SoFAIR_AD_Environmental_Science_papers,SoFAIR_AD_BMA_papers,
323138338.pdf,SoFAIR_AD_Environmental_Science_papers,SoFAIR_AD_Earth_Planet_Sciences_papers,
228077519.pdf,SoFAIR_AD_Environmental_Science_papers,SoFAIR_AD_Earth_Planet_Sciences_papers,
479401913.pdf,SoFAIR_AD_Environmental_Science_papers,SoFAIR_AD_Earth_Planet_Sciences_papers,
334429009.pdf,SoFAIR_AD_Environmental_Science_papers,SoFAIR_AD_Engineering_papers,
519751321.pdf,SoFAIR_AD_Environmental_Science_papers,SoFAIR_AD_Engineering_papers,SoFAIR_AD_BioChem_papers
305110558.pdf,SoFAIR_AD_Environmental_Science_papers,SoFAIR_AD_Earth_Planet_Sciences_papers,SoFAIR_AD_Chemistry_papers
542356109.pdf,SoFAIR_AD_Environmental_Science_papers,SoFAIR_AD_BioChem_papers,
481494185.pdf,SoFAIR_AD_Environmental_Science_papers,SoFAIR_AD_Energy_Sciences_papers,
288346242.pdf,SoFAIR_AD_Environmental_Science_papers,SoFAIR_AD_Earth_Planet_Sciences_papers,
333656213.pdf,SoFAIR_AD_Environmental_Science_papers,SoFAIR_AD_Comp_Sci_papers,SoFAIR_AD_BMA_papers
591033078.pdf,SoFAIR_AD_Environmental_Science_papers,SoFAIR_AD_BMA_papers,
333568184.pdf,SoFAIR_AD_Environmental_Science_papers,SoFAIR_AD_Engineering_papers,
296228675.pdf,SoFAIR_AD_Environmental_Science_papers,SoFAIR_AD_Earth_Planet_Sciences_papers,
567714759.pdf,SoFAIR_AD_Environmental_Science_papers,SoFAIR_AD_BMA_papers,
534945275.pdf,SoFAIR_AD_Environmental_Science_papers,SoFAIR_AD_Energy_Sciences_papers,
491092801.pdf,SoFAIR_AD_Environmental_Science_papers,SoFAIR_AD_Earth_Planet_Sciences_papers,
566468847.pdf,SoFAIR_AD_Environmental_Science_papers,SoFAIR_AD_Earth_Planet_Sciences_papers,
228123375.pdf,SoFAIR_AD_Environmental_Science_papers,SoFAIR_AD_BMA_papers,
334415085.pdf,SoFAIR_AD_Environmental_Science_papers,SoFAIR_AD_BMA_papers,
328707804.pdf,SoFAIR_AD_Environmental_Science_papers,SoFAIR_AD_Earth_Planet_Sciences_papers,
475662462.pdf,SoFAIR_AD_Environmental_Science_papers,SoFAIR_AD_BMA_papers,
580468518.pdf,SoFAIR_AD_Environmental_Science_papers,SoFAIR_AD_Energy_Sciences_papers,SoFAIR_AD_Chemistry_papers
286195293.pdf,SoFAIR_AD_Environmental_Science_papers,SoFAIR_AD_BMA_papers,
542319544.pdf,SoFAIR_AD_Environmental_Science_papers,SoFAIR_AD_BMA_papers,
590214961.pdf,SoFAIR_AD_Environmental_Science_papers,SoFAIR_AD_Earth_Planet_Sciences_papers,
575504644.pdf,SoFAIR_AD_Environmental_Science_papers,SoFAIR_AD_BioChem_papers,
442652251.pdf,SoFAIR_AD_Environmental_Science_papers,SoFAIR_AD_Engineering_papers,
323990431.pdf,SoFAIR_AD_Environmental_Science_papers,SoFAIR_AD_Earth_Planet_Sciences_papers,
533891873.pdf,SoFAIR_AD_Environmental_Science_papers,SoFAIR_AD_Comp_Sci_papers,
534190378.pdf,SoFAIR_AD_Environmental_Science_papers,SoFAIR_AD_BioChem_papers,
386738079.pdf,SoFAIR_AD_Environmental_Science_papers,SoFAIR_AD_Earth_Planet_Sciences_papers,
351841073.pdf,SoFAIR_AD_Environmental_Science_papers,SoFAIR_AD_Earth_Planet_Sciences_papers,
478144619.pdf,SoFAIR_AD_Materials_Science_papers,SoFAIR_AD_Environmental_Science_papers,
326508023.pdf,SoFAIR_AD_Materials_Science_papers,SoFAIR_AD_Chemistry_papers,
323269702.pdf,SoFAIR_AD_Materials_Science_papers,SoFAIR_AD_Engineering_papers,
396057848.pdf,SoFAIR_AD_Materials_Science_papers,SoFAIR_AD_Engineering_papers,
376904295.pdf,SoFAIR_AD_Materials_Science_papers,SoFAIR_AD_Energy_Sciences_papers,
481663145.pdf,SoFAIR_AD_Materials_Science_papers,SoFAIR_AD_Environmental_Science_papers,
562065857.pdf,SoFAIR_AD_Materials_Science_papers,SoFAIR_AD_Engineering_papers,
395086161.pdf,SoFAIR_AD_Materials_Science_papers,SoFAIR_AD_Comp_Sci_papers,SoFAIR_AD_Chemistry_papers
286571502.pdf,SoFAIR_AD_Materials_Science_papers,SoFAIR_AD_Energy_Sciences_papers,SoFAIR_AD_Chemistry_papers
566468522.pdf,SoFAIR_AD_Materials_Science_papers,SoFAIR_AD_Energy_Sciences_papers,
577748335.pdf,SoFAIR_AD_Materials_Science_papers,SoFAIR_AD_Environmental_Science_papers,
553743681.pdf,SoFAIR_AD_Materials_Science_papers,SoFAIR_AD_Engineering_papers,SoFAIR_AD_Energy_Sciences_papers
343622927.pdf,SoFAIR_AD_Materials_Science_papers,SoFAIR_AD_Environmental_Science_papers,
479934046.pdf,SoFAIR_AD_Materials_Science_papers,SoFAIR_AD_Energy_Sciences_papers,
578095825.pdf,SoFAIR_AD_Materials_Science_papers,SoFAIR_AD_Engineering_papers,
534679985.pdf,SoFAIR_AD_Materials_Science_papers,SoFAIR_AD_Chemistry_papers,
237701231.pdf,SoFAIR_AD_Materials_Science_papers,SoFAIR_AD_Engineering_papers,
572224364.pdf,SoFAIR_AD_Materials_Science_papers,SoFAIR_AD_Environmental_Science_papers,
574227044.pdf,SoFAIR_AD_Materials_Science_papers,SoFAIR_AD_Chemistry_papers,
340489494.pdf,SoFAIR_AD_Materials_Science_papers,SoFAIR_AD_Environmental_Science_papers,
541721239.pdf,SoFAIR_AD_Materials_Science_papers,SoFAIR_AD_Environmental_Science_papers,
227506158.pdf,SoFAIR_AD_Materials_Science_papers,SoFAIR_AD_Energy_Sciences_papers,
427520314.pdf,SoFAIR_AD_Materials_Science_papers,SoFAIR_AD_Engineering_papers,
589942125.pdf,SoFAIR_AD_Materials_Science_papers,SoFAIR_AD_Environmental_Science_papers,
333605281.pdf,SoFAIR_AD_Materials_Science_papers,SoFAIR_AD_Environmental_Science_papers,
429953752.pdf,SoFAIR_AD_Materials_Science_papers,SoFAIR_AD_Engineering_papers,
566850787.pdf,SoFAIR_AD_Materials_Science_papers,SoFAIR_AD_Engineering_papers,
516391236.pdf,SoFAIR_AD_Materials_Science_papers,SoFAIR_AD_Engineering_papers,
333876476.pdf,SoFAIR_AD_Materials_Science_papers,SoFAIR_AD_Engineering_papers,
481110486.pdf,SoFAIR_AD_Materials_Science_papers,SoFAIR_AD_Engineering_papers,
490851241.pdf,SoFAIR_AD_Materials_Science_papers,SoFAIR_AD_Engineering_papers,
566520005.pdf,SoFAIR_AD_Materials_Science_papers,SoFAIR_AD_Engineering_papers,SoFAIR_AD_Energy_Sciences_papers
475651458.pdf,SoFAIR_AD_Materials_Science_papers,SoFAIR_AD_Environmental_Science_papers,
429844777.pdf,SoFAIR_AD_Materials_Science_papers,SoFAIR_AD_Chemistry_papers,
481194618.pdf,SoFAIR_AD_Materials_Science_papers,SoFAIR_AD_BioChem_papers,
491119481.pdf,SoFAIR_AD_Materials_Science_papers,SoFAIR_AD_Energy_Sciences_papers,SoFAIR_AD_Chemistry_papers
365574316.pdf,SoFAIR_AD_Materials_Science_papers,SoFAIR_AD_Comp_Sci_papers,
492594216.pdf,SoFAIR_AD_Materials_Science_papers,SoFAIR_AD_Engineering_papers,
358466133.pdf,SoFAIR_AD_Materials_Science_papers,SoFAIR_AD_BioChem_papers,
459166744.pdf,SoFAIR_AD_Materials_Science_papers,SoFAIR_AD_Energy_Sciences_papers,
343635746.pdf,SoFAIR_AD_Materials_Science_papers,SoFAIR_AD_BioChem_papers,
573839496.pdf,SoFAIR_AD_Materials_Science_papers,SoFAIR_AD_Chemistry_papers,
528165756.pdf,SoFAIR_AD_Materials_Science_papers,SoFAIR_AD_Engineering_papers,
328801745.pdf,SoFAIR_AD_Materials_Science_papers,SoFAIR_AD_Energy_Sciences_papers,SoFAIR_AD_Chemistry_papers
288345873.pdf,SoFAIR_AD_Materials_Science_papers,SoFAIR_AD_Engineering_papers,
491650024.pdf,SoFAIR_AD_Materials_Science_papers,SoFAIR_AD_Chemistry_papers,
481576423.pdf,SoFAIR_AD_Materials_Science_papers,SoFAIR_AD_Engineering_papers,SoFAIR_AD_Energy_Sciences_papers
534986654.pdf,SoFAIR_AD_Materials_Science_papers,SoFAIR_AD_Engineering_papers,SoFAIR_AD_Chemistry_papers
334949669.pdf,SoFAIR_AD_Materials_Science_papers,SoFAIR_AD_Engineering_papers,SoFAIR_AD_Energy_Sciences_papers
529687672.pdf,SoFAIR_AD_Materials_Science_papers,SoFAIR_AD_Environmental_Science_papers,SoFAIR_AD_Engineering_papers
390094083.pdf,SoFAIR_AD_Materials_Science_papers,SoFAIR_AD_Energy_Sciences_papers,
475388804.pdf,SoFAIR_AD_Materials_Science_papers,SoFAIR_AD_Engineering_papers,SoFAIR_AD_Energy_Sciences_papers
534017524.pdf,SoFAIR_AD_Materials_Science_papers,SoFAIR_AD_Chemistry_papers,
388959573.pdf,SoFAIR_AD_Materials_Science_papers,SoFAIR_AD_Environmental_Science_papers,
326237239.pdf,SoFAIR_AD_Materials_Science_papers,SoFAIR_AD_Engineering_papers,
491204861.pdf,SoFAIR_AD_Materials_Science_papers,SoFAIR_AD_Comp_Sci_papers,
359471358.pdf,SoFAIR_AD_Materials_Science_papers,SoFAIR_AD_Engineering_papers,
572525651.pdf,SoFAIR_AD_Materials_Science_papers,SoFAIR_AD_Energy_Sciences_papers,
237676152.pdf,SoFAIR_AD_Materials_Science_papers,SoFAIR_AD_Engineering_papers,
334814419.pdf,SoFAIR_AD_Materials_Science_papers,SoFAIR_AD_Engineering_papers,
533171215.pdf,SoFAIR_AD_Materials_Science_papers,SoFAIR_AD_BMA_papers,
328855662.pdf,SoFAIR_AD_Materials_Science_papers,SoFAIR_AD_Chemistry_papers,
388990412.pdf,SoFAIR_AD_Materials_Science_papers,SoFAIR_AD_Engineering_papers,
489779567.pdf,SoFAIR_AD_Materials_Science_papers,SoFAIR_AD_Environmental_Science_papers,
475136966.pdf,SoFAIR_AD_Materials_Science_papers,SoFAIR_AD_Energy_Sciences_papers,
382453045.pdf,SoFAIR_AD_Materials_Science_papers,SoFAIR_AD_Chemistry_papers,
548683895.pdf,SoFAIR_AD_Materials_Science_papers,SoFAIR_AD_Engineering_papers,SoFAIR_AD_Energy_Sciences_papers
326332987.pdf,SoFAIR_AD_Materials_Science_papers,SoFAIR_AD_Environmental_Science_papers,SoFAIR_AD_Energy_Sciences_papers
541929588.pdf,SoFAIR_AD_Materials_Science_papers,SoFAIR_AD_Chemistry_papers,
553762828.pdf,SoFAIR_AD_Materials_Science_papers,SoFAIR_AD_Energy_Sciences_papers,
493127337.pdf,SoFAIR_AD_Materials_Science_papers,SoFAIR_AD_Engineering_papers,
480168724.pdf,SoFAIR_AD_Materials_Science_papers,SoFAIR_AD_Engineering_papers,
287606277.pdf,SoFAIR_AD_Materials_Science_papers,SoFAIR_AD_Engineering_papers,
459226662.pdf,SoFAIR_AD_Materials_Science_papers,SoFAIR_AD_Engineering_papers,SoFAIR_AD_Energy_Sciences_papers
334597181.pdf,SoFAIR_AD_Materials_Science_papers,SoFAIR_AD_Environmental_Science_papers,SoFAIR_AD_Engineering_papers
288620583.pdf,SoFAIR_AD_Materials_Science_papers,SoFAIR_AD_Energy_Sciences_papers,SoFAIR_AD_Chemistry_papers
392359588.pdf,SoFAIR_AD_Materials_Science_papers,SoFAIR_AD_Engineering_papers,
519025458.pdf,SoFAIR_AD_Materials_Science_papers,SoFAIR_AD_Engineering_papers,
534111401.pdf,SoFAIR_AD_Materials_Science_papers,SoFAIR_AD_Energy_Sciences_papers,
589941447.pdf,SoFAIR_AD_Materials_Science_papers,SoFAIR_AD_Environmental_Science_papers,
489480207.pdf,SoFAIR_AD_Materials_Science_papers,SoFAIR_AD_Engineering_papers,
334602052.pdf,SoFAIR_AD_Materials_Science_papers,SoFAIR_AD_Chemistry_papers,
516412655.pdf,SoFAIR_AD_Materials_Science_papers,SoFAIR_AD_Engineering_papers,
578093355.pdf,SoFAIR_AD_Materials_Science_papers,SoFAIR_AD_Engineering_papers,
440342731.pdf,SoFAIR_AD_Materials_Science_papers,SoFAIR_AD_Environmental_Science_papers,
527933083.pdf,SoFAIR_AD_Materials_Science_papers,SoFAIR_AD_Chemistry_papers,
511306797.pdf,SoFAIR_AD_Materials_Science_papers,SoFAIR_AD_Energy_Sciences_papers,
347173529.pdf,SoFAIR_AD_Materials_Science_papers,SoFAIR_AD_Engineering_papers,
528104367.pdf,SoFAIR_AD_Materials_Science_papers,SoFAIR_AD_Engineering_papers,
347173313.pdf,SoFAIR_AD_Materials_Science_papers,SoFAIR_AD_BioChem_papers,
553760397.pdf,SoFAIR_AD_Materials_Science_papers,SoFAIR_AD_Energy_Sciences_papers,
481117222.pdf,SoFAIR_AD_Materials_Science_papers,SoFAIR_AD_Comp_Sci_papers,SoFAIR_AD_BioChem_papers
478813187.pdf,SoFAIR_AD_Materials_Science_papers,SoFAIR_AD_Engineering_papers,SoFAIR_AD_Energy_Sciences_papers
528104359.pdf,SoFAIR_AD_Materials_Science_papers,SoFAIR_AD_Environmental_Science_papers,
327068921.pdf,SoFAIR_AD_Materials_Science_papers,SoFAIR_AD_Engineering_papers,SoFAIR_AD_BioChem_papers
541248951.pdf,SoFAIR_AD_Materials_Science_papers,SoFAIR_AD_Chemistry_papers,
389359652.pdf,SoFAIR_AD_Materials_Science_papers,SoFAIR_AD_Chemistry_papers,
578096004.pdf,SoFAIR_AD_Materials_Science_papers,SoFAIR_AD_Engineering_papers,
588635782.pdf,SoFAIR_AD_Materials_Science_papers,SoFAIR_AD_BioChem_papers,
459158049.pdf,SoFAIR_AD_Materials_Science_papers,SoFAIR_AD_Comp_Sci_papers,SoFAIR_AD_Chemistry_papers
426863719.pdf,SoFAIR_AD_Materials_Science_papers,SoFAIR_AD_BioChem_papers,
574337489.pdf,SoFAIR_AD_Materials_Science_papers,SoFAIR_AD_Environmental_Science_papers,
387853846.pdf,SoFAIR_AD_Materials_Science_papers,SoFAIR_AD_Engineering_papers,SoFAIR_AD_Energy_Sciences_papers
348659626.pdf,SoFAIR_AD_Materials_Science_papers,SoFAIR_AD_Engineering_papers,
547397598.pdf,SoFAIR_AD_Materials_Science_papers,SoFAIR_AD_Engineering_papers,
541253442.pdf,SoFAIR_AD_Materials_Science_papers,SoFAIR_AD_Chemistry_papers,
490660106.pdf,SoFAIR_AD_Materials_Science_papers,SoFAIR_AD_Chemistry_papers,
444063161.pdf,SoFAIR_AD_Materials_Science_papers,SoFAIR_AD_Energy_Sciences_papers,SoFAIR_AD_Chemistry_papers
589942664.pdf,SoFAIR_AD_Materials_Science_papers,SoFAIR_AD_Energy_Sciences_papers,
578155837.pdf,SoFAIR_AD_Materials_Science_papers,SoFAIR_AD_Engineering_papers,SoFAIR_AD_Energy_Sciences_papers
521091758.pdf,SoFAIR_AD_Materials_Science_papers,SoFAIR_AD_Chemistry_papers,
395445288.pdf,SoFAIR_AD_Materials_Science_papers,SoFAIR_AD_Engineering_papers,
587762013.pdf,SoFAIR_AD_Materials_Science_papers,SoFAIR_AD_Chemistry_papers,
557039663.pdf,SoFAIR_AD_Materials_Science_papers,SoFAIR_AD_Engineering_papers,SoFAIR_AD_Chemistry_papers
572214095.pdf,SoFAIR_AD_Materials_Science_papers,SoFAIR_AD_Engineering_papers,
542541767.pdf,SoFAIR_AD_Materials_Science_papers,SoFAIR_AD_Comp_Sci_papers,
534188848.pdf,SoFAIR_AD_Materials_Science_papers,SoFAIR_AD_BioChem_papers,
566470167.pdf,SoFAIR_AD_Materials_Science_papers,SoFAIR_AD_Chemistry_papers,
429405352.pdf,SoFAIR_AD_Materials_Science_papers,SoFAIR_AD_Engineering_papers,
334764367.pdf,SoFAIR_AD_Materials_Science_papers,SoFAIR_AD_Engineering_papers,
327172672.pdf,SoFAIR_AD_Materials_Science_papers,SoFAIR_AD_Engineering_papers,
387217426.pdf,SoFAIR_AD_Materials_Science_papers,SoFAIR_AD_Environmental_Science_papers,SoFAIR_AD_Engineering_papers
521093199.pdf,SoFAIR_AD_Materials_Science_papers,SoFAIR_AD_Engineering_papers,
345586766.pdf,SoFAIR_AD_Materials_Science_papers,SoFAIR_AD_Energy_Sciences_papers,
323288068.pdf,SoFAIR_AD_Materials_Science_papers,SoFAIR_AD_Engineering_papers,
541306928.pdf,SoFAIR_AD_Materials_Science_papers,SoFAIR_AD_Chemistry_papers,
520515742.pdf,SoFAIR_AD_Materials_Science_papers,SoFAIR_AD_Engineering_papers,
553760478.pdf,SoFAIR_AD_Materials_Science_papers,SoFAIR_AD_Engineering_papers,
337659405.pdf,SoFAIR_AD_Materials_Science_papers,SoFAIR_AD_BioChem_papers,
491486067.pdf,SoFAIR_AD_Materials_Science_papers,SoFAIR_AD_Environmental_Science_papers,SoFAIR_AD_Engineering_papers
559246767.pdf,SoFAIR_AD_Materials_Science_papers,SoFAIR_AD_Energy_Sciences_papers,
511310626.pdf,SoFAIR_AD_Materials_Science_papers,SoFAIR_AD_Environmental_Science_papers,SoFAIR_AD_Engineering_papers
286026887.pdf,SoFAIR_AD_Materials_Science_papers,SoFAIR_AD_Environmental_Science_papers,
328832525.pdf,SoFAIR_AD_Materials_Science_papers,SoFAIR_AD_Environmental_Science_papers,
478752776.pdf,SoFAIR_AD_Materials_Science_papers,SoFAIR_AD_Engineering_papers,
519357774.pdf,SoFAIR_AD_Materials_Science_papers,SoFAIR_AD_Engineering_papers,
288396461.pdf,SoFAIR_AD_Materials_Science_papers,SoFAIR_AD_Comp_Sci_papers,
390051836.pdf,SoFAIR_AD_Materials_Science_papers,SoFAIR_AD_Engineering_papers,
481053005.pdf,SoFAIR_AD_Materials_Science_papers,SoFAIR_AD_Environmental_Science_papers,
478201737.pdf,SoFAIR_AD_Materials_Science_papers,SoFAIR_AD_Engineering_papers,
429844805.pdf,SoFAIR_AD_Materials_Science_papers,SoFAIR_AD_Comp_Sci_papers,
275553263.pdf,SoFAIR_AD_Materials_Science_papers,SoFAIR_AD_Engineering_papers,
572844659.pdf,SoFAIR_AD_Materials_Science_papers,SoFAIR_AD_Engineering_papers,SoFAIR_AD_BioChem_papers
360930977.pdf,SoFAIR_AD_Materials_Science_papers,SoFAIR_AD_Engineering_papers,
333902291.pdf,SoFAIR_AD_Mathematics_papers,SoFAIR_AD_Comp_Sci_papers,
343131724.pdf,SoFAIR_AD_Mathematics_papers,SoFAIR_AD_Engineering_papers,
343942348.pdf,SoFAIR_AD_Mathematics_papers,SoFAIR_AD_Environmental_Science_papers,
323058983.pdf,SoFAIR_AD_Mathematics_papers,SoFAIR_AD_Comp_Sci_papers,
519731793.pdf,SoFAIR_AD_Mathematics_papers,SoFAIR_AD_Environmental_Science_papers,
541098785.pdf,SoFAIR_AD_Mathematics_papers,SoFAIR_AD_Earth_Planet_Sciences_papers,
427702643.pdf,SoFAIR_AD_Mathematics_papers,SoFAIR_AD_Comp_Sci_papers,
572219386.pdf,SoFAIR_AD_Mathematics_papers,SoFAIR_AD_Environmental_Science_papers,
362655407.pdf,SoFAIR_AD_Mathematics_papers,SoFAIR_AD_Environmental_Science_papers,
524789774.pdf,SoFAIR_AD_Mathematics_papers,SoFAIR_AD_Environmental_Science_papers,
599360712.pdf,SoFAIR_AD_Mathematics_papers,SoFAIR_AD_Environmental_Science_papers,
326516487.pdf,SoFAIR_AD_Mathematics_papers,SoFAIR_AD_Environmental_Science_papers,
533950267.pdf,SoFAIR_AD_Mathematics_papers,SoFAIR_AD_Engineering_papers,
426749118.pdf,SoFAIR_AD_Mathematics_papers,SoFAIR_AD_Environmental_Science_papers,
566885332.pdf,SoFAIR_AD_Mathematics_papers,SoFAIR_AD_BioChem_papers,
333571485.pdf,SoFAIR_AD_Mathematics_papers,SoFAIR_AD_Comp_Sci_papers,
387845707.pdf,SoFAIR_AD_Mathematics_papers,SoFAIR_AD_Comp_Sci_papers,
481371872.pdf,SoFAIR_AD_Mathematics_papers,SoFAIR_AD_BMA_papers,
477993299.pdf,SoFAIR_AD_Mathematics_papers,SoFAIR_AD_BioChem_papers,
323990858.pdf,SoFAIR_AD_Mathematics_papers,SoFAIR_AD_BMA_papers,
341767968.pdf,SoFAIR_AD_Mathematics_papers,SoFAIR_AD_Environmental_Science_papers,
572846869.pdf,SoFAIR_AD_Mathematics_papers,SoFAIR_AD_Comp_Sci_papers,SoFAIR_AD_BioChem_papers
322701816.pdf,SoFAIR_AD_Mathematics_papers,SoFAIR_AD_Environmental_Science_papers,
323052708.pdf,SoFAIR_AD_Mathematics_papers,SoFAIR_AD_BMA_papers,
535116234.pdf,SoFAIR_AD_Mathematics_papers,SoFAIR_AD_BioChem_papers,
429680325.pdf,SoFAIR_AD_Mathematics_papers,SoFAIR_AD_Environmental_Science_papers,
541671582.pdf,SoFAIR_AD_Medicine_papers,SoFAIR_AD_BioChem_papers,
343985952.pdf,SoFAIR_AD_Medicine_papers,SoFAIR_AD_BioChem_papers,
483377024.pdf,SoFAIR_AD_Medicine_papers,SoFAIR_AD_Mathematics_papers,
565361184.pdf,SoFAIR_AD_Medicine_papers,SoFAIR_AD_BioChem_papers,
231806409.pdf,SoFAIR_AD_Medicine_papers,SoFAIR_AD_Chemistry_papers,SoFAIR_AD_BioChem_papers
533450706.pdf,SoFAIR_AD_Medicine_papers,SoFAIR_AD_Mathematics_papers,
492545565.pdf,SoFAIR_AD_Medicine_papers,SoFAIR_AD_BioChem_papers,
390056955.pdf,SoFAIR_AD_Medicine_papers,SoFAIR_AD_Mathematics_papers,
481051963.pdf,SoFAIR_AD_Medicine_papers,SoFAIR_AD_BioChem_papers,
564025297.pdf,SoFAIR_AD_Medicine_papers,SoFAIR_AD_BioChem_papers,
390091614.pdf,SoFAIR_AD_Medicine_papers,SoFAIR_AD_BioChem_papers,
573427642.pdf,SoFAIR_AD_Medicine_papers,SoFAIR_AD_BioChem_papers,
334607169.pdf,SoFAIR_AD_Medicine_papers,SoFAIR_AD_Mathematics_papers,
388595236.pdf,SoFAIR_AD_Medicine_papers,SoFAIR_AD_BioChem_papers,
344914233.pdf,SoFAIR_AD_Medicine_papers,SoFAIR_AD_Mathematics_papers,
532388796.pdf,SoFAIR_AD_Medicine_papers,SoFAIR_AD_Environmental_Science_papers,
427167889.pdf,SoFAIR_AD_Medicine_papers,SoFAIR_AD_Mathematics_papers,
390735675.pdf,SoFAIR_AD_Medicine_papers,SoFAIR_AD_BioChem_papers,
305077917.pdf,SoFAIR_AD_Medicine_papers,SoFAIR_AD_BioChem_papers,
491166651.pdf,SoFAIR_AD_Medicine_papers,SoFAIR_AD_Mathematics_papers,
481050364.pdf,SoFAIR_AD_Medicine_papers,SoFAIR_AD_Comp_Sci_papers,SoFAIR_AD_BioChem_papers
541103305.pdf,SoFAIR_AD_Medicine_papers,SoFAIR_AD_BioChem_papers,
345431992.pdf,SoFAIR_AD_Medicine_papers,SoFAIR_AD_BioChem_papers,
553167321.pdf,SoFAIR_AD_Medicine_papers,SoFAIR_AD_BioChem_papers,
334545346.pdf,SoFAIR_AD_Medicine_papers,SoFAIR_AD_BioChem_papers,
333643338.pdf,SoFAIR_AD_Medicine_papers,SoFAIR_AD_Environmental_Science_papers,
475059789.pdf,SoFAIR_AD_Medicine_papers,SoFAIR_AD_BioChem_papers,
478216353.pdf,SoFAIR_AD_Medicine_papers,SoFAIR_AD_Comp_Sci_papers,
384105765.pdf,SoFAIR_AD_Medicine_papers,SoFAIR_AD_Mathematics_papers,
475627587.pdf,SoFAIR_AD_Medicine_papers,SoFAIR_AD_Engineering_papers,
333917162.pdf,SoFAIR_AD_Medicine_papers,SoFAIR_AD_Comp_Sci_papers,
484072284.pdf,SoFAIR_AD_Medicine_papers,SoFAIR_AD_BioChem_papers,
548483996.pdf,SoFAIR_AD_Medicine_papers,SoFAIR_AD_Engineering_papers,
568043728.pdf,SoFAIR_AD_Medicine_papers,SoFAIR_AD_Engineering_papers,
335269071.pdf,SoFAIR_AD_Medicine_papers,SoFAIR_AD_Mathematics_papers,
518433319.pdf,SoFAIR_AD_Medicine_papers,SoFAIR_AD_Engineering_papers,
561985358.pdf,SoFAIR_AD_Medicine_papers,SoFAIR_AD_BioChem_papers,
553571379.pdf,SoFAIR_AD_Medicine_papers,SoFAIR_AD_BioChem_papers,
587333223.pdf,SoFAIR_AD_Medicine_papers,SoFAIR_AD_Mathematics_papers,
328774252.pdf,SoFAIR_AD_Medicine_papers,SoFAIR_AD_BioChem_papers,
599360436.pdf,SoFAIR_AD_Medicine_papers,SoFAIR_AD_BioChem_papers,
390093682.pdf,SoFAIR_AD_Medicine_papers,SoFAIR_AD_Mathematics_papers,
534457107.pdf,SoFAIR_AD_Medicine_papers,SoFAIR_AD_Comp_Sci_papers,
477906309.pdf,SoFAIR_AD_Medicine_papers,SoFAIR_AD_BioChem_papers,
327049902.pdf,SoFAIR_AD_Medicine_papers,SoFAIR_AD_Materials_Science_papers,SoFAIR_AD_BioChem_papers
481284541.pdf,SoFAIR_AD_Medicine_papers,SoFAIR_AD_Mathematics_papers,
599358384.pdf,SoFAIR_AD_Medicine_papers,SoFAIR_AD_Mathematics_papers,
567414354.pdf,SoFAIR_AD_Medicine_papers,SoFAIR_AD_BioChem_papers,
492595299.pdf,SoFAIR_AD_Medicine_papers,SoFAIR_AD_BioChem_papers,
491185936.pdf,SoFAIR_AD_Medicine_papers,SoFAIR_AD_BioChem_papers,
389437884.pdf,SoFAIR_AD_Medicine_papers,SoFAIR_AD_BMA_papers,
324070618.pdf,SoFAIR_AD_Medicine_papers,SoFAIR_AD_BioChem_papers,
337890524.pdf,SoFAIR_AD_Medicine_papers,SoFAIR_AD_Mathematics_papers,
511997919.pdf,SoFAIR_AD_Medicine_papers,SoFAIR_AD_BioChem_papers,
479012491.pdf,SoFAIR_AD_Medicine_papers,SoFAIR_AD_Mathematics_papers,
333572225.pdf,SoFAIR_AD_Medicine_papers,SoFAIR_AD_BioChem_papers,
475625061.pdf,SoFAIR_AD_Medicine_papers,SoFAIR_AD_BioChem_papers,
541259568.pdf,SoFAIR_AD_Medicine_papers,SoFAIR_AD_BioChem_papers,
534257263.pdf,SoFAIR_AD_Medicine_papers,SoFAIR_AD_Mathematics_papers,SoFAIR_AD_Environmental_Science_papers
599457937.pdf,SoFAIR_AD_Medicine_papers,SoFAIR_AD_BioChem_papers,
593690253.pdf,SoFAIR_AD_Medicine_papers,SoFAIR_AD_Mathematics_papers,
426884861.pdf,SoFAIR_AD_Medicine_papers,SoFAIR_AD_Mathematics_papers,
326509939.pdf,SoFAIR_AD_Medicine_papers,SoFAIR_AD_Comp_Sci_papers,SoFAIR_AD_BioChem_papers
480166633.pdf,SoFAIR_AD_Medicine_papers,SoFAIR_AD_BioChem_papers,
444057639.pdf,SoFAIR_AD_Medicine_papers,SoFAIR_AD_BioChem_papers,
343747157.pdf,SoFAIR_AD_Medicine_papers,SoFAIR_AD_Comp_Sci_papers,
480763315.pdf,SoFAIR_AD_Medicine_papers,SoFAIR_AD_Comp_Sci_papers,
327084083.pdf,SoFAIR_AD_Medicine_papers,SoFAIR_AD_BioChem_papers,
491356989.pdf,SoFAIR_AD_Medicine_papers,SoFAIR_AD_BMA_papers,
343942347.pdf,SoFAIR_AD_Medicine_papers,SoFAIR_AD_Mathematics_papers,
333903624.pdf,SoFAIR_AD_Medicine_papers,SoFAIR_AD_Mathematics_papers,
478144833.pdf,SoFAIR_AD_Medicine_papers,SoFAIR_AD_BioChem_papers,
549571046.pdf,SoFAIR_AD_Neuroscience_papers,SoFAIR_AD_BioChem_papers,
373012319.pdf,SoFAIR_AD_Neuroscience_papers,SoFAIR_AD_Medicine_papers,SoFAIR_AD_BioChem_papers
534956613.pdf,SoFAIR_AD_Neuroscience_papers,SoFAIR_AD_Engineering_papers,
366040239.pdf,SoFAIR_AD_Neuroscience_papers,SoFAIR_AD_Environmental_Science_papers,
479166146.pdf,SoFAIR_AD_Neuroscience_papers,SoFAIR_AD_Medicine_papers,
518767159.pdf,SoFAIR_AD_Neuroscience_papers,SoFAIR_AD_Chemistry_papers,
231927158.pdf,SoFAIR_AD_Neuroscience_papers,SoFAIR_AD_Environmental_Science_papers,
589955471.pdf,SoFAIR_AD_Neuroscience_papers,SoFAIR_AD_Medicine_papers,
387164522.pdf,SoFAIR_AD_Neuroscience_papers,SoFAIR_AD_Comp_Sci_papers,
562249904.pdf,SoFAIR_AD_Neuroscience_papers,SoFAIR_AD_Chemistry_papers,
519377622.pdf,SoFAIR_AD_Neuroscience_papers,SoFAIR_AD_Materials_Science_papers,
555934895.pdf,SoFAIR_AD_Neuroscience_papers,SoFAIR_AD_Medicine_papers,
554199305.pdf,SoFAIR_AD_Neuroscience_papers,SoFAIR_AD_Chemistry_papers,
386103422.pdf,SoFAIR_AD_Neuroscience_papers,SoFAIR_AD_Comp_Sci_papers,
479386873.pdf,SoFAIR_AD_Neuroscience_papers,SoFAIR_AD_Medicine_papers,SoFAIR_AD_Engineering_papers
341602355.pdf,SoFAIR_AD_Neuroscience_papers,SoFAIR_AD_BioChem_papers,
491528297.pdf,SoFAIR_AD_Neuroscience_papers,SoFAIR_AD_Comp_Sci_papers,
391332932.pdf,SoFAIR_AD_Neuroscience_papers,SoFAIR_AD_Medicine_papers,
586551678.pdf,SoFAIR_AD_Neuroscience_papers,SoFAIR_AD_Comp_Sci_papers,
511997288.pdf,SoFAIR_AD_Neuroscience_papers,SoFAIR_AD_Medicine_papers,SoFAIR_AD_BioChem_papers
392359575.pdf,SoFAIR_AD_Neuroscience_papers,SoFAIR_AD_BioChem_papers,
390050025.pdf,SoFAIR_AD_Neuroscience_papers,SoFAIR_AD_BioChem_papers,
322477237.pdf,SoFAIR_AD_Neuroscience_papers,SoFAIR_AD_BioChem_papers,
333581579.pdf,SoFAIR_AD_Neuroscience_papers,SoFAIR_AD_Engineering_papers,
491523332.pdf,SoFAIR_AD_Neuroscience_papers,SoFAIR_AD_BioChem_papers,
333583224.pdf,SoFAIR_AD_Neuroscience_papers,SoFAIR_AD_Engineering_papers,
524974529.pdf,SoFAIR_AD_Neuroscience_papers,SoFAIR_AD_Chemistry_papers,
286315276.pdf,SoFAIR_AD_Neuroscience_papers,SoFAIR_AD_Medicine_papers,SoFAIR_AD_BioChem_papers
326652104.pdf,SoFAIR_AD_Neuroscience_papers,SoFAIR_AD_BioChem_papers,
394996474.pdf,SoFAIR_AD_Neuroscience_papers,SoFAIR_AD_Comp_Sci_papers,
562070947.pdf,SoFAIR_AD_Neuroscience_papers,SoFAIR_AD_BioChem_papers,
591966107.pdf,SoFAIR_AD_Neuroscience_papers,SoFAIR_AD_Medicine_papers,SoFAIR_AD_Engineering_papers
577063783.pdf,SoFAIR_AD_Neuroscience_papers,SoFAIR_AD_Engineering_papers,
514223232.pdf,SoFAIR_AD_Neuroscience_papers,SoFAIR_AD_BioChem_papers,
565545302.pdf,SoFAIR_AD_Neuroscience_papers,SoFAIR_AD_Medicine_papers,SoFAIR_AD_Comp_Sci_papers
591667273.pdf,SoFAIR_AD_Neuroscience_papers,SoFAIR_AD_Medicine_papers,
568548178.pdf,SoFAIR_AD_Neuroscience_papers,SoFAIR_AD_Earth_Planet_Sciences_papers,
524611526.pdf,SoFAIR_AD_Neuroscience_papers,SoFAIR_AD_Engineering_papers,SoFAIR_AD_Comp_Sci_papers
574727302.pdf,SoFAIR_AD_Physics_papers,,
577145059.pdf,SoFAIR_AD_Physics_papers,SoFAIR_AD_Energy_Sciences_papers,
574733808.pdf,SoFAIR_AD_Physics_papers,SoFAIR_AD_Neuroscience_papers,
534111125.pdf,SoFAIR_AD_Physics_papers,,
351906889.pdf,SoFAIR_AD_Physics_papers,,
561032331.pdf,SoFAIR_AD_Physics_papers,SoFAIR_AD_Materials_Science_papers,SoFAIR_AD_Comp_Sci_papers
598021182.pdf,SoFAIR_AD_Physics_papers,,
559109986.pdf,SoFAIR_AD_Physics_papers,,
555453764.pdf,SoFAIR_AD_Physics_papers,,
427520924.pdf,SoFAIR_AD_Physics_papers,SoFAIR_AD_Engineering_papers,
385960222.pdf,SoFAIR_AD_Physics_papers,,
554492588.pdf,SoFAIR_AD_Physics_papers,,
554811208.pdf,SoFAIR_AD_Physics_papers,,
237321649.pdf,SoFAIR_AD_Physics_papers,,
491225764.pdf,SoFAIR_AD_Physics_papers,SoFAIR_AD_Materials_Science_papers,SoFAIR_AD_Earth_Planet_Sciences_papers
334948895.pdf,SoFAIR_AD_Physics_papers,,
387902022.pdf,SoFAIR_AD_Physics_papers,SoFAIR_AD_Materials_Science_papers,
428338183.pdf,SoFAIR_AD_Physics_papers,SoFAIR_AD_Energy_Sciences_papers,
288620267.pdf,SoFAIR_AD_Physics_papers,SoFAIR_AD_Comp_Sci_papers,SoFAIR_AD_BioChem_papers
568227675.pdf,SoFAIR_AD_Physics_papers,,
564417162.pdf,SoFAIR_AD_Physics_papers,SoFAIR_AD_Chemistry_papers,
529906315.pdf,SoFAIR_AD_Physics_papers,,
523283219.pdf,SoFAIR_AD_Physics_papers,,
577860467.pdf,SoFAIR_AD_Physics_papers,SoFAIR_AD_Chemistry_papers,
553772064.pdf,SoFAIR_AD_Physics_papers,,
559109985.pdf,SoFAIR_AD_Physics_papers,,
561954636.pdf,SoFAIR_AD_Physics_papers,SoFAIR_AD_Engineering_papers,
595950111.pdf,SoFAIR_AD_Physics_papers,,
562127737.pdf,SoFAIR_AD_Physics_papers,,
556225878.pdf,SoFAIR_AD_Physics_papers,,
572229485.pdf,SoFAIR_AD_Physics_papers,,
568228141.pdf,SoFAIR_AD_Physics_papers,SoFAIR_AD_Earth_Planet_Sciences_papers,
286372331.pdf,SoFAIR_AD_Physics_papers,SoFAIR_AD_Materials_Science_papers,
305122092.pdf,SoFAIR_AD_Physics_papers,,
576479867.pdf,SoFAIR_AD_Physics_papers,,
387023083.pdf,SoFAIR_AD_Physics_papers,SoFAIR_AD_Materials_Science_papers,
484037025.pdf,SoFAIR_AD_Physics_papers,,
591830924.pdf,SoFAIR_AD_Physics_papers,SoFAIR_AD_Mathematics_papers,
492044701.pdf,SoFAIR_AD_Physics_papers,,
487577759.pdf,SoFAIR_AD_Physics_papers,SoFAIR_AD_Mathematics_papers,
481051195.pdf,SoFAIR_AD_Physics_papers,SoFAIR_AD_Chemistry_papers,
480280105.pdf,SoFAIR_AD_Physics_papers,SoFAIR_AD_Engineering_papers,
590957258.pdf,SoFAIR_AD_Physics_papers,,
587098698.pdf,SoFAIR_AD_Physics_papers,,
519715341.pdf,SoFAIR_AD_Physics_papers,SoFAIR_AD_Chemistry_papers,
385960225.pdf,SoFAIR_AD_Physics_papers,SoFAIR_AD_Environmental_Science_papers,
544394901.pdf,SoFAIR_AD_Physics_papers,SoFAIR_AD_Comp_Sci_papers,
552854378.pdf,SoFAIR_AD_Physics_papers,,
571617961.pdf,SoFAIR_AD_Physics_papers,,
562127257.pdf,SoFAIR_AD_Physics_papers,,
571662508.pdf,SoFAIR_AD_Physics_papers,,
591440654.pdf,SoFAIR_AD_Physics_papers,,
491168009.pdf,SoFAIR_AD_Physics_papers,,
527934431.pdf,SoFAIR_AD_Physics_papers,,
489424057.pdf,SoFAIR_AD_Physics_papers,,
557070708.pdf,SoFAIR_AD_Physics_papers,SoFAIR_AD_Earth_Planet_Sciences_papers,
595497572.pdf,SoFAIR_AD_Physics_papers,SoFAIR_AD_Earth_Planet_Sciences_papers,
589995905.pdf,SoFAIR_AD_Physics_papers,,
598021179.pdf,SoFAIR_AD_Physics_papers,,
487576451.pdf,SoFAIR_AD_Physics_papers,SoFAIR_AD_Comp_Sci_papers,
554493527.pdf,SoFAIR_AD_Physics_papers,,
541701713.pdf,SoFAIR_AD_Physics_papers,,
286083729.pdf,SoFAIR_AD_Physics_papers,,
562027838.pdf,SoFAIR_AD_Physics_papers,SoFAIR_AD_Chemistry_papers,SoFAIR_AD_BioChem_papers
554806105.pdf,SoFAIR_AD_Physics_papers,SoFAIR_AD_Comp_Sci_papers,
562107083.pdf,SoFAIR_AD_Physics_papers,,
369425064.pdf,SoFAIR_AD_Physics_papers,,
591810539.pdf,SoFAIR_AD_Physics_papers,,
568227978.pdf,SoFAIR_AD_Physics_papers,,
395661107.pdf,SoFAIR_AD_Physics_papers,SoFAIR_AD_Materials_Science_papers,
296232137.pdf,SoFAIR_AD_Physics_papers,,
571474412.pdf,SoFAIR_AD_Physics_papers,,
573432943.pdf,SoFAIR_AD_Physics_papers,,
541696609.pdf,SoFAIR_AD_Physics_papers,,
553872344.pdf,SoFAIR_AD_Physics_papers,,
481745322.pdf,SoFAIR_AD_Physics_papers,SoFAIR_AD_Materials_Science_papers,
523344447.pdf,SoFAIR_AD_Physics_papers,,
534679459.pdf,SoFAIR_AD_Physics_papers,,
568118501.pdf,SoFAIR_AD_Physics_papers,,
444059041.pdf,SoFAIR_AD_Physics_papers,,
516201457.pdf,SoFAIR_AD_Physics_papers,SoFAIR_AD_Materials_Science_papers,
599231673.pdf,SoFAIR_AD_Physics_papers,,
547397696.pdf,SoFAIR_AD_Physics_papers,SoFAIR_AD_Comp_Sci_papers,
586803749.pdf,SoFAIR_AD_Physics_papers,,
534195491.pdf,SoFAIR_AD_Physics_papers,SoFAIR_AD_Engineering_papers,
493135885.pdf,SoFAIR_AD_Physics_papers,,
529693439.pdf,SoFAIR_AD_Physics_papers,,
489541255.pdf,SoFAIR_AD_Physics_papers,,
555199995.pdf,SoFAIR_AD_Physics_papers,,
334544882.pdf,SoFAIR_AD_Physics_papers,SoFAIR_AD_Materials_Science_papers,
553760834.pdf,SoFAIR_AD_Physics_papers,,
288623669.pdf,SoFAIR_AD_Physics_papers,SoFAIR_AD_Comp_Sci_papers,
422755211.pdf,SoFAIR_AD_Physics_papers,SoFAIR_AD_Materials_Science_papers,
560939542.pdf,SoFAIR_AD_Physics_papers,,
492749157.pdf,SoFAIR_AD_Physics_papers,SoFAIR_AD_Earth_Planet_Sciences_papers,
597867361.pdf,SoFAIR_AD_Physics_papers,,
390049035.pdf,SoFAIR_AD_Physics_papers,SoFAIR_AD_Comp_Sci_papers,SoFAIR_AD_BioChem_papers
566469664.pdf,SoFAIR_AD_Physics_papers,,
481745319.pdf,SoFAIR_AD_Physics_papers,SoFAIR_AD_Materials_Science_papers,
571647059.pdf,SoFAIR_AD_Physics_papers,,
571214604.pdf,SoFAIR_AD_Physics_papers,,
516412647.pdf,SoFAIR_AD_Physics_papers,,
481110947.pdf,SoFAIR_AD_Physics_papers,,
479511948.pdf,SoFAIR_AD_Physics_papers,,
572827574.pdf,SoFAIR_AD_Physics_papers,SoFAIR_AD_Engineering_papers,
572695085.pdf,SoFAIR_AD_Physics_papers,,
459191661.pdf,SoFAIR_AD_Physics_papers,SoFAIR_AD_Neuroscience_papers,
554806093.pdf,SoFAIR_AD_Physics_papers,SoFAIR_AD_Materials_Science_papers,
589888912.pdf,SoFAIR_AD_Physics_papers,,
554492534.pdf,SoFAIR_AD_Physics_papers,,
582231956.pdf,SoFAIR_AD_Physics_papers,,
491035162.pdf,SoFAIR_AD_Physics_papers,,
441116155.pdf,SoFAIR_AD_Physics_papers,,
556170513.pdf,SoFAIR_AD_Physics_papers,SoFAIR_AD_Earth_Planet_Sciences_papers,
477935931.pdf,SoFAIR_AD_Physics_papers,SoFAIR_AD_Materials_Science_papers,
554438456.pdf,SoFAIR_AD_Physics_papers,SoFAIR_AD_Earth_Planet_Sciences_papers,
479012938.pdf,SoFAIR_AD_Physics_papers,SoFAIR_AD_Materials_Science_papers,SoFAIR_AD_Energy_Sciences_papers
397489098.pdf,SoFAIR_AD_Physics_papers,,
589950639.pdf,SoFAIR_AD_Physics_papers,,
479416188.pdf,SoFAIR_AD_Physics_papers,,
480113235.pdf,SoFAIR_AD_Physics_papers,SoFAIR_AD_Engineering_papers,SoFAIR_AD_Comp_Sci_papers
351908211.pdf,SoFAIR_AD_Physics_papers,,
552458198.pdf,SoFAIR_AD_Physics_papers,,
599432504.pdf,SoFAIR_AD_Physics_papers,,
565356227.pdf,SoFAIR_AD_Physics_papers,SoFAIR_AD_Earth_Planet_Sciences_papers,
591386037.pdf,SoFAIR_AD_Physics_papers,,
559260857.pdf,SoFAIR_AD_Physics_papers,,
373379187.pdf,SoFAIR_AD_Physics_papers,SoFAIR_AD_Engineering_papers,
475626723.pdf,SoFAIR_AD_Physics_papers,,
555951343.pdf,SoFAIR_AD_Physics_papers,,
519033982.pdf,SoFAIR_AD_Physics_papers,SoFAIR_AD_Materials_Science_papers,
591386033.pdf,SoFAIR_AD_Physics_papers,,
544175682.pdf,SoFAIR_AD_Physics_papers,,
554790808.pdf,SoFAIR_AD_Physics_papers,,
518768214.pdf,SoFAIR_AD_Physics_papers,SoFAIR_AD_Materials_Science_papers,
599470257.pdf,SoFAIR_AD_Physics_papers,SoFAIR_AD_Materials_Science_papers,
561092896.pdf,SoFAIR_AD_Physics_papers,,
544094722.pdf,SoFAIR_AD_Physics_papers,SoFAIR_AD_Earth_Planet_Sciences_papers,
560400972.pdf,SoFAIR_AD_Physics_papers,,
483911085.pdf,SoFAIR_AD_Physics_papers,,
577860555.pdf,SoFAIR_AD_Physics_papers,,
572705903.pdf,SoFAIR_AD_Physics_papers,SoFAIR_AD_Chemistry_papers,
300328188.pdf,SoFAIR_AD_Physics_papers,,
597730004.pdf,SoFAIR_AD_Physics_papers,SoFAIR_AD_Chemistry_papers,
554507677.pdf,SoFAIR_AD_Physics_papers,,
459158262.pdf,SoFAIR_AD_Physics_papers,,
358467183.pdf,SoFAIR_AD_Physics_papers,,
580993579.pdf,SoFAIR_AD_Physics_papers,,
490762164.pdf,SoFAIR_AD_Physics_papers,SoFAIR_AD_Materials_Science_papers,
490751357.pdf,SoFAIR_AD_Physics_papers,,
564339445.pdf,SoFAIR_AD_Physics_papers,,
563869375.pdf,SoFAIR_AD_Physics_papers,SoFAIR_AD_Engineering_papers,
589952941.pdf,SoFAIR_AD_Physics_papers,,
565325153.pdf,SoFAIR_AD_Physics_papers,,
392180652.pdf,SoFAIR_AD_Physics_papers,SoFAIR_AD_Chemistry_papers,
555941591.pdf,SoFAIR_AD_Physics_papers,,
562403779.pdf,SoFAIR_AD_Physics_papers,,
586803756.pdf,SoFAIR_AD_Physics_papers,SoFAIR_AD_Chemistry_papers,
405187617.pdf,SoFAIR_AD_Physics_papers,SoFAIR_AD_Materials_Science_papers,
566466868.pdf,SoFAIR_AD_Physics_papers,,
554511307.pdf,SoFAIR_AD_Physics_papers,,
563867302.pdf,SoFAIR_AD_Physics_papers,,
491528749.pdf,SoFAIR_AD_Physics_papers,,
345437554.pdf,SoFAIR_AD_Physics_papers,SoFAIR_AD_Mathematics_papers,
576926466.pdf,SoFAIR_AD_Physics_papers,,
562091459.pdf,SoFAIR_AD_Physics_papers,,
345239694.pdf,SoFAIR_AD_Physics_papers,,
578155612.pdf,SoFAIR_AD_Physics_papers,,
554202519.pdf,SoFAIR_AD_Physics_papers,SoFAIR_AD_Comp_Sci_papers,
593669807.pdf,SoFAIR_AD_Physics_papers,,
565798442.pdf,SoFAIR_AD_Physics_papers,,
524611898.pdf,SoFAIR_AD_Physics_papers,,
343961764.pdf,SoFAIR_AD_Physics_papers,,
568118542.pdf,SoFAIR_AD_Physics_papers,,
345025414.pdf,SoFAIR_AD_Physics_papers,SoFAIR_AD_Engineering_papers,
286353453.pdf,SoFAIR_AD_Physics_papers,SoFAIR_AD_BioChem_papers,
590244835.pdf,SoFAIR_AD_Physics_papers,,
305109381.pdf,SoFAIR_AD_Physics_papers,,
533450444.pdf,SoFAIR_AD_Physics_papers,SoFAIR_AD_Earth_Planet_Sciences_papers,
558730677.pdf,SoFAIR_AD_Physics_papers,,
566458953.pdf,SoFAIR_AD_Physics_papers,,
326234777.pdf,SoFAIR_AD_Physics_papers,SoFAIR_AD_Earth_Planet_Sciences_papers,SoFAIR_AD_Chemistry_papers
388483306.pdf,SoFAIR_AD_Physics_papers,,
578155615.pdf,SoFAIR_AD_Physics_papers,,
562027465.pdf,SoFAIR_AD_Physics_papers,,
566466339.pdf,SoFAIR_AD_Physics_papers,,
559109989.pdf,SoFAIR_AD_Physics_papers,,
328698249.pdf,SoFAIR_AD_Physics_papers,,
554062333.pdf,SoFAIR_AD_Physics_papers,,
481285189.pdf,SoFAIR_AD_Physics_papers,,
358790673.pdf,SoFAIR_AD_Physics_papers,,
518774887.pdf,SoFAIR_AD_Physics_papers,,
489803095.pdf,SoFAIR_AD_Physics_papers,,
556966581.pdf,SoFAIR_AD_Physics_papers,,
491164412.pdf,SoFAIR_AD_Physics_papers,,
518785063.pdf,SoFAIR_AD_Physics_papers,,
521878019.pdf,SoFAIR_AD_Physics_papers,SoFAIR_AD_BioChem_papers,
519765725.pdf,SoFAIR_AD_Physics_papers,,
518434612.pdf,SoFAIR_AD_Physics_papers,,
534454655.pdf,SoFAIR_AD_Physics_papers,SoFAIR_AD_Engineering_papers,
444079471.pdf,SoFAIR_AD_Physics_papers,,
589947334.pdf,SoFAIR_AD_Physics_papers,,
327986983.pdf,SoFAIR_AD_Physics_papers,SoFAIR_AD_Comp_Sci_papers,
480438034.pdf,SoFAIR_AD_Physics_papers,SoFAIR_AD_Materials_Science_papers,SoFAIR_AD_Engineering_papers
519051961.pdf,SoFAIR_AD_Physics_papers,,
402398842.pdf,SoFAIR_AD_Physics_papers,,
483897281.pdf,SoFAIR_AD_Physics_papers,,
479568143.pdf,SoFAIR_AD_Physics_papers,SoFAIR_AD_Earth_Planet_Sciences_papers,
491356744.pdf,SoFAIR_AD_Physics_papers,,
554494889.pdf,SoFAIR_AD_Physics_papers,SoFAIR_AD_Mathematics_papers,
563913849.pdf,SoFAIR_AD_Physics_papers,,
590823075.pdf,SoFAIR_AD_Physics_papers,,
564337581.pdf,SoFAIR_AD_Physics_papers,,
534018871.pdf,SoFAIR_AD_Physics_papers,
